payment_id,order_id,scenario,ground_truth_state,amount,method,customer_segment,created_ts,has_settlement,settled_amount,settlement_matches_order
pay_9edbf54e7c7646,order_d0aa639cde5041,clean_failure_soft,VERIFIED_LOST_SOFT,49999,upi,high_value_repeat,2026-08-10T08:11:00,False,,
pay_1d498df17d404a,order_143d69cf8af346,clean_success,SUCCESS_CLEAN,74999,upi,high_value_repeat,2026-08-16T00:01:00,True,74999,True
pay_7909ce65601443,order_9c3eaf391ce84f,clean_success,SUCCESS_CLEAN,999,card,returning,2026-08-05T12:14:00,True,999,True
pay_ba70bddbaab248,order_706fdfa3d51b4c,clean_success,SUCCESS_CLEAN,499,upi,new,2026-08-06T04:35:00,True,499,True
pay_802a2cd35eae40,order_a6d8b927ff0344,late_auth_flip,LATE_AUTH_FLIP,1999,upi,returning,2026-08-10T00:03:00,True,1999,True
pay_f9cd9fb5ff4046,order_a0ce2cb82a1f44,clean_failure_soft,VERIFIED_LOST_SOFT,499,upi,returning,2026-08-18T10:04:00,False,,
pay_96272e9e82e14c,order_ade981aae9ff4a,duplicate_attempt,ALREADY_RECOVERED_VIA_DUPLICATE,499,upi,new,2026-08-02T22:28:00,True,499,True
pay_200f4410b31a45,order_00fc4db1ce9243,clean_success,SUCCESS_CLEAN,199,netbanking,new,2026-08-05T21:52:00,True,199,True
pay_07a26042e73549,order_4c7656c2f0f64b,clean_failure_hard,VERIFIED_LOST_HARD,1499,upi,new,2026-08-04T05:56:00,False,,
pay_0d3fd39085754f,order_395020f032444a,clean_success,SUCCESS_CLEAN,4999,card,high_value_repeat,2026-08-06T08:02:00,True,4999,True
pay_436c47ee98da44,order_d23ccac7b0544e,clean_success,SUCCESS_CLEAN,7499,upi,returning,2026-08-09T18:27:00,True,7499,True
pay_8896a850dff142,order_e331a5a181f64b,clean_failure_soft,VERIFIED_LOST_SOFT,1499,card,new,2026-08-18T09:28:00,False,,
pay_0c922b1d72d146,order_fb198944abf446,clean_success,SUCCESS_CLEAN,299,netbanking,new,2026-08-03T20:02:00,True,299,True
pay_04e96dccfe3042,order_fca5a606bb884e,clean_success,SUCCESS_CLEAN,4999,netbanking,high_value_repeat,2026-08-14T11:27:00,True,4999,True
pay_8463a4eeef2746,order_8adc724d40e24d,clean_failure_soft,VERIFIED_LOST_SOFT,24999,upi,high_value_repeat,2026-08-17T15:29:00,False,,
pay_7d69954fb93d42,order_280c143427004f,clean_failure_soft,VERIFIED_LOST_SOFT,1499,card,new,2026-08-15T15:33:00,False,,
pay_11bddb2b802341,order_9f8fc0fee65845,clean_success,SUCCESS_CLEAN,499,card,new,2026-08-15T00:54:00,True,499,True
pay_8355de853e6949,order_2a6ffb90de8943,clean_failure_soft,VERIFIED_LOST_SOFT,1499,card,new,2026-08-09T06:37:00,False,,
pay_5ba8785797164b,order_05fdae6399604b,late_auth_flip,LATE_AUTH_FLIP,7499,upi,returning,2026-08-12T21:19:00,True,7499,True
pay_a6644e746c484b,order_360ceeb47ddf4b,clean_success,SUCCESS_CLEAN,999,card,new,2026-08-03T18:38:00,True,999,True
pay_2336c8a9fb7d48,order_646069df09984a,late_auth_flip,LATE_AUTH_FLIP,1999,card,returning,2026-08-20T05:35:00,True,1999,True
pay_03194c9e53de40,order_70e9ca8769be4f,clean_failure_soft,VERIFIED_LOST_SOFT,999,upi,new,2026-08-13T05:56:00,False,,
pay_f9d4a704835b48,order_b4ad6324cb9b4a,clean_failure_hard,VERIFIED_LOST_HARD,4999,card,returning,2026-08-13T14:54:00,False,,
pay_5818927fdb7e40,order_2103795093a243,clean_success,SUCCESS_CLEAN,2999,card,returning,2026-08-14T20:34:00,True,2999,True
pay_4891333b416b44,order_e7a33ee453a74c,settlement_mismatch,EXCEPTION_SETTLEMENT_MISMATCH,1999,card,returning,2026-08-20T06:41:00,True,1957.02,False
pay_4a320f20c23542,order_590124fe5dbd42,clean_failure_hard,VERIFIED_LOST_HARD,999,card,returning,2026-08-14T08:12:00,False,,
pay_a632ef5f36c54a,order_6b79b46dc05641,clean_success,SUCCESS_CLEAN,24999,upi,high_value_repeat,2026-08-12T14:57:00,True,24999,True
pay_9ae73d67d23f42,order_ddd985ff3ae34b,clean_success,SUCCESS_CLEAN,999,upi,returning,2026-08-09T10:46:00,True,999,True
pay_1e26c4bd46f347,order_f151dbb838124a,duplicate_attempt,ALREADY_RECOVERED_VIA_DUPLICATE,1999,upi,returning,2026-08-14T22:34:00,True,1999,True
pay_454b2ebb910a4f,order_9432bbffe67946,clean_failure_soft,VERIFIED_LOST_SOFT,4999,upi,returning,2026-08-05T17:20:00,False,,
pay_c05da03b1e4f41,order_3dbb76cd85ca4f,late_auth_flip,LATE_AUTH_FLIP,999,upi,new,2026-08-18T15:03:00,True,999,True
pay_cf225e59a3b141,order_71ec6872be1d40,late_auth_flip,LATE_AUTH_FLIP,7499,card,returning,2026-08-11T13:45:00,True,7499,True
pay_327a3131c5d54e,order_f677b7e1db0d40,clean_failure_soft,VERIFIED_LOST_SOFT,999,upi,returning,2026-08-06T21:52:00,False,,
pay_c76ca374dd3f4c,order_faa3c31b106143,uncertain_pending,UNCERTAIN_AT_CUTOFF,49999,upi,high_value_repeat,2026-08-13T23:16:00,False,,
pay_e3492afdfb2646,order_7607a7f12cba42,clean_failure_hard,VERIFIED_LOST_HARD,2999,netbanking,returning,2026-08-13T21:35:00,False,,
pay_dab28e492e1f4c,order_35d11604f2bb47,clean_failure_soft,VERIFIED_LOST_SOFT,7499,upi,returning,2026-08-08T08:27:00,False,,
pay_aa73e9988f4740,order_66115327df8e44,duplicate_attempt,ALREADY_RECOVERED_VIA_DUPLICATE,199,card,new,2026-08-08T13:19:00,True,199,True
pay_991a4fe7edce4c,order_c459e332b78d41,clean_failure_soft,VERIFIED_LOST_SOFT,49999,netbanking,high_value_repeat,2026-08-17T01:55:00,False,,
pay_e01fb0d8c7fa4f,order_1971d9be8d4f45,duplicate_attempt,ALREADY_RECOVERED_VIA_DUPLICATE,299,card,new,2026-08-07T16:00:00,True,299,True
pay_26663161bdba4e,order_b6b834b17d214b,clean_failure_soft,VERIFIED_LOST_SOFT,49999,card,high_value_repeat,2026-08-03T15:54:00,False,,
pay_350acc8b60b342,order_fc3ded4256ff4e,late_auth_flip,LATE_AUTH_FLIP,999,upi,returning,2026-08-08T06:04:00,True,999,True
pay_09a539ad7dbc4b,order_677d9717dbbe41,clean_success,SUCCESS_CLEAN,9999,upi,high_value_repeat,2026-08-02T14:46:00,True,9999,True
pay_3e68ba04702245,order_895e4635a3554b,clean_success,SUCCESS_CLEAN,14999,card,high_value_repeat,2026-08-04T05:57:00,True,14999,True
pay_96e0942adc4842,order_bef6d1387f194f,clean_success,SUCCESS_CLEAN,24999,upi,high_value_repeat,2026-08-01T15:41:00,True,24999,True
pay_755afef408c64b,order_f1b8c90513a54e,clean_success,SUCCESS_CLEAN,14999,upi,high_value_repeat,2026-08-11T09:33:00,True,14999,True
pay_8f1474c9a7d446,order_531dc784a74047,clean_success,SUCCESS_CLEAN,999,netbanking,returning,2026-08-07T02:53:00,True,999,True
pay_f51713aaf11b49,order_f95c9ef698134a,clean_success,SUCCESS_CLEAN,499,card,returning,2026-08-10T11:50:00,True,499,True
pay_b73cbf43b3974c,order_ef170d8cbb2a40,clean_success,SUCCESS_CLEAN,499,card,returning,2026-08-16T23:53:00,True,499,True
pay_277ee57dda8543,order_68acf848c3394a,clean_failure_soft,VERIFIED_LOST_SOFT,299,upi,new,2026-08-14T04:23:00,False,,
pay_92d2f388194844,order_561ad9b0d3ca45,clean_failure_hard,VERIFIED_LOST_HARD,299,upi,new,2026-08-18T18:29:00,False,,
pay_85dc9254cbac4f,order_3b73eeb9430e43,clean_failure_hard,VERIFIED_LOST_HARD,49999,card,high_value_repeat,2026-08-06T12:15:00,False,,
pay_feeedb709a054a,order_0b54edc4a69946,clean_success,SUCCESS_CLEAN,2999,netbanking,returning,2026-08-08T03:23:00,True,2999,True
pay_455a8f420a1a47,order_a774a4622bf04f,clean_success,SUCCESS_CLEAN,24999,upi,high_value_repeat,2026-08-15T12:09:00,True,24999,True
pay_3ae3f0aa450742,order_a5d9267f315b41,settlement_mismatch,EXCEPTION_SETTLEMENT_MISMATCH,1499,netbanking,new,2026-08-03T15:11:00,True,1469.02,False
pay_d2cb5f42842d40,order_134094b24a8c4f,clean_failure_soft,VERIFIED_LOST_SOFT,7499,upi,returning,2026-08-06T19:59:00,False,,
pay_a7c04121729b4e,order_9e3294265dd540,clean_failure_soft,VERIFIED_LOST_SOFT,4999,upi,high_value_repeat,2026-08-10T16:06:00,False,,
pay_06059e9ed5834f,order_86e690295d2c45,clean_success,SUCCESS_CLEAN,49999,upi,high_value_repeat,2026-08-02T02:49:00,True,49999,True
pay_95d08492d3c046,order_fe6843582a0345,late_auth_flip,LATE_AUTH_FLIP,499,card,new,2026-08-17T08:55:00,True,499,True
pay_a412bc3a129f40,order_45490dbd03e440,clean_success,SUCCESS_CLEAN,9999,netbanking,high_value_repeat,2026-08-19T07:15:00,True,9999,True
pay_f5063adddef544,order_a42c4b4e0e2b43,clean_failure_hard,VERIFIED_LOST_HARD,49999,card,high_value_repeat,2026-08-05T21:02:00,False,,
pay_7f7626d0436141,order_a6f3eb30268a45,uncertain_pending,UNCERTAIN_AT_CUTOFF,1499,upi,new,2026-08-04T18:22:00,False,,
pay_da33c220b05c44,order_5ca85f9a3cfd48,clean_failure_soft,VERIFIED_LOST_SOFT,199,upi,new,2026-08-19T09:52:00,False,,
pay_66186c01740242,order_7c38b991cab04c,clean_failure_soft,VERIFIED_LOST_SOFT,74999,card,high_value_repeat,2026-08-07T22:37:00,False,,
pay_85f808c0288b44,order_10f9999ede274e,clean_failure_soft,VERIFIED_LOST_SOFT,999,card,new,2026-08-17T07:08:00,False,,
pay_c895bda3dade45,order_c515502e67df4a,duplicate_attempt,ALREADY_RECOVERED_VIA_DUPLICATE,4999,upi,returning,2026-08-11T08:04:00,True,4999,True
pay_e974de7410444c,order_80b7266d2cb649,late_auth_flip,LATE_AUTH_FLIP,4999,card,high_value_repeat,2026-08-18T02:09:00,True,4999,True
pay_ee5e6cdaba0742,order_4515ac2c38864f,clean_success,SUCCESS_CLEAN,499,upi,returning,2026-08-16T17:15:00,True,499,True
pay_b8038cbc718e4a,order_a134a41b5f0a48,clean_success,SUCCESS_CLEAN,49999,netbanking,high_value_repeat,2026-08-18T18:39:00,True,49999,True
pay_2043cadd25f84a,order_fdc030df18864a,clean_failure_hard,VERIFIED_LOST_HARD,14999,card,high_value_repeat,2026-08-18T17:45:00,False,,
pay_7208c50dbc5643,order_3f09ec0d24634f,clean_success,SUCCESS_CLEAN,4999,card,returning,2026-08-07T16:54:00,True,4999,True
pay_eee7a1048a4c4d,order_1be354cb030e43,clean_success,SUCCESS_CLEAN,1499,upi,new,2026-08-19T21:41:00,True,1499,True
pay_8030db24e2be4b,order_d330563f819a45,settlement_mismatch,EXCEPTION_SETTLEMENT_MISMATCH,499,upi,returning,2026-08-10T16:00:00,True,486.52,False
pay_e97c93f2011f42,order_5ec5fb8d172c4f,duplicate_attempt,ALREADY_RECOVERED_VIA_DUPLICATE,299,upi,new,2026-08-17T03:50:00,True,299,True
pay_1053c712a35f43,order_53f23a0ef8874e,clean_failure_hard,VERIFIED_LOST_HARD,7499,netbanking,returning,2026-08-19T21:18:00,False,,
pay_0c445e6cbc9149,order_4668198ce4034d,clean_failure_soft,VERIFIED_LOST_SOFT,999,upi,new,2026-08-07T02:50:00,False,,
pay_ccbe708f5a424a,order_2c365a767cd645,clean_failure_hard,VERIFIED_LOST_HARD,999,card,new,2026-08-20T03:31:00,False,,
pay_b4d05c3078bc42,order_ac664c36b76345,settlement_mismatch,EXCEPTION_SETTLEMENT_MISMATCH,49999,upi,high_value_repeat,2026-08-02T14:36:00,True,48999.02,False
pay_eb78bbde36a644,order_47b4426cf6c84c,clean_failure_hard,VERIFIED_LOST_HARD,24999,card,high_value_repeat,2026-08-18T16:03:00,False,,
pay_6c3870ed83cb4b,order_3036605e639649,clean_success,SUCCESS_CLEAN,499,upi,new,2026-08-07T22:18:00,True,499,True
pay_d35c61db6f4c44,order_ef23531c30ef4a,clean_success,SUCCESS_CLEAN,7499,upi,returning,2026-08-02T00:45:00,True,7499,True
pay_3c720aebcd7c4b,order_50bc767ff7ff45,clean_failure_soft,VERIFIED_LOST_SOFT,49999,card,high_value_repeat,2026-08-17T12:38:00,False,,
pay_0f9e38c6d04848,order_6bbb21a45ea74c,clean_success,SUCCESS_CLEAN,4999,upi,returning,2026-08-10T15:49:00,True,4999,True
pay_7d983cd00d2c43,order_59fd5b27bbed44,clean_failure_soft,VERIFIED_LOST_SOFT,299,netbanking,new,2026-08-03T22:57:00,False,,
pay_18a476b85fc945,order_017296832f2245,duplicate_attempt,ALREADY_RECOVERED_VIA_DUPLICATE,299,upi,new,2026-08-17T16:21:00,True,299,True
pay_b302d375032b4e,order_9d4313a2600f4b,clean_failure_hard,VERIFIED_LOST_HARD,74999,upi,high_value_repeat,2026-08-20T08:52:00,False,,
pay_5fdf24a06f884b,order_97bf58ca0b8c4a,clean_success,SUCCESS_CLEAN,999,upi,returning,2026-08-04T15:59:00,True,999,True
pay_3e50dc88f68348,order_447af15a21b642,uncertain_pending,UNCERTAIN_AT_CUTOFF,999,netbanking,returning,2026-08-12T22:34:00,False,,
pay_d57f1fbbea554f,order_d422106be5ec48,clean_failure_soft,VERIFIED_LOST_SOFT,199,upi,new,2026-08-19T08:26:00,False,,
pay_405f32f2105745,order_f49a97db92304a,clean_success,SUCCESS_CLEAN,4999,upi,returning,2026-08-01T10:24:00,True,4999,True
pay_93167508567949,order_202494523f884a,clean_success,SUCCESS_CLEAN,7499,upi,returning,2026-08-14T17:32:00,True,7499,True
pay_80a47a4502ff46,order_2988f092afa14d,clean_success,SUCCESS_CLEAN,74999,upi,high_value_repeat,2026-08-04T18:09:00,True,74999,True
pay_ca3d8e6dd0204c,order_41945dbbdc2344,clean_failure_soft,VERIFIED_LOST_SOFT,4999,upi,returning,2026-08-08T22:33:00,False,,
pay_df7a86cb072c4e,order_3345330d8faa4c,late_auth_flip,LATE_AUTH_FLIP,24999,upi,high_value_repeat,2026-08-08T16:44:00,True,24999,True
pay_e3372df8bebc49,order_eb2dc38d63c847,clean_failure_hard,VERIFIED_LOST_HARD,1499,upi,new,2026-08-20T20:29:00,False,,
pay_fa45b8962f2a4d,order_cc058b7fdd104b,clean_success,SUCCESS_CLEAN,499,card,new,2026-08-17T10:08:00,True,499,True
pay_a921e7d466624c,order_c03e7e8759c346,clean_failure_hard,VERIFIED_LOST_HARD,2999,netbanking,returning,2026-08-19T09:45:00,False,,
pay_34dda92c36894f,order_3a2d4c80afd84e,uncertain_pending,UNCERTAIN_AT_CUTOFF,999,netbanking,new,2026-08-04T05:56:00,False,,
pay_ef731a2840d34b,order_55bb72106e4044,clean_failure_soft,VERIFIED_LOST_SOFT,14999,card,high_value_repeat,2026-08-21T06:25:00,False,,
pay_183fe79439354d,order_a0cb5cf21e024b,uncertain_pending,UNCERTAIN_AT_CUTOFF,1499,netbanking,new,2026-08-01T17:22:00,False,,
pay_ee8afe5706b84b,order_e1880295961145,duplicate_attempt,ALREADY_RECOVERED_VIA_DUPLICATE,999,card,new,2026-08-04T21:18:00,True,999,True
pay_e1a1c32428d24d,order_cc0bb45ccc1e4d,clean_success,SUCCESS_CLEAN,1999,upi,returning,2026-08-17T03:18:00,True,1999,True
pay_921e3cf7320e41,order_98339a32c45f4f,late_auth_flip,LATE_AUTH_FLIP,7499,upi,returning,2026-08-08T20:26:00,True,7499,True
pay_dcbe6e27e0fe4c,order_865ff452da5046,clean_failure_soft,VERIFIED_LOST_SOFT,1999,card,returning,2026-08-18T15:44:00,False,,
pay_c871481c71d445,order_d0660a969c7242,clean_failure_soft,VERIFIED_LOST_SOFT,4999,card,high_value_repeat,2026-08-06T17:12:00,False,,
pay_1a400398678c46,order_990f721865254f,clean_success,SUCCESS_CLEAN,14999,netbanking,high_value_repeat,2026-08-18T08:50:00,True,14999,True
pay_2157367e101141,order_a981951c3efd4f,clean_failure_soft,VERIFIED_LOST_SOFT,999,netbanking,new,2026-08-18T16:15:00,False,,
pay_3e372b10968545,order_9460e68a58d04a,clean_success,SUCCESS_CLEAN,4999,upi,high_value_repeat,2026-08-17T04:01:00,True,4999,True
pay_e4afe8ac78a247,order_0f36879291e74d,clean_failure_hard,VERIFIED_LOST_HARD,499,upi,returning,2026-08-19T11:48:00,False,,
pay_52f797bc0ecb4c,order_8e2579a2e96b46,clean_failure_hard,VERIFIED_LOST_HARD,1999,upi,returning,2026-08-04T16:30:00,False,,
pay_0587c12febaf40,order_8b1ff3b82da74a,settlement_mismatch,EXCEPTION_SETTLEMENT_MISMATCH,24999,card,high_value_repeat,2026-08-19T09:49:00,True,24474.02,False
pay_337ed48861ae40,order_ea6059e0dd7e4a,duplicate_attempt,ALREADY_RECOVERED_VIA_DUPLICATE,1499,card,new,2026-08-15T11:26:00,True,1499,True
pay_6acb706ebcf34f,order_66f0b9b1369846,clean_success,SUCCESS_CLEAN,999,netbanking,new,2026-08-04T15:09:00,True,999,True
pay_a08bfa6864c343,order_9db6bc35c01b46,clean_failure_soft,VERIFIED_LOST_SOFT,999,card,new,2026-08-11T19:59:00,False,,
pay_87fb646a074143,order_a042cbd1a1f346,clean_success,SUCCESS_CLEAN,4999,card,high_value_repeat,2026-08-11T23:05:00,True,4999,True
pay_21122d14720246,order_b776fe56f51e43,settlement_mismatch,EXCEPTION_SETTLEMENT_MISMATCH,7499,upi,returning,2026-08-03T01:20:00,True,7311.52,False
pay_bd87119ddcda43,order_5576d493210347,duplicate_attempt,ALREADY_RECOVERED_VIA_DUPLICATE,14999,card,high_value_repeat,2026-08-11T00:43:00,True,14999,True
pay_c1c7cfc3195d4c,order_7d1d7f3f6d2c4f,clean_success,SUCCESS_CLEAN,2999,card,returning,2026-08-05T21:47:00,True,2999,True
pay_b32602c179ad49,order_e8312f5d080c44,clean_failure_soft,VERIFIED_LOST_SOFT,2999,upi,returning,2026-08-10T01:16:00,False,,
pay_41d835e12b0c49,order_4daf4e484b914a,clean_failure_soft,VERIFIED_LOST_SOFT,4999,upi,returning,2026-08-17T06:53:00,False,,
pay_8fb9991f8c6749,order_f548ac7c8c934f,clean_success,SUCCESS_CLEAN,999,upi,new,2026-08-14T06:04:00,True,999,True
pay_638a4f4be9234b,order_21df6cbe145648,late_auth_flip,LATE_AUTH_FLIP,74999,netbanking,high_value_repeat,2026-08-15T04:10:00,True,74999,True
pay_e5abb84d73c146,order_85db641d011146,clean_failure_soft,VERIFIED_LOST_SOFT,999,card,returning,2026-08-09T09:24:00,False,,
pay_49143a6fc6be48,order_15868be472d548,late_auth_flip,LATE_AUTH_FLIP,9999,card,high_value_repeat,2026-08-16T19:08:00,True,9999,True
pay_8dbaaa0e3f5e45,order_ac61a639bb4f48,clean_failure_soft,VERIFIED_LOST_SOFT,9999,card,high_value_repeat,2026-08-15T15:40:00,False,,
pay_7403437a4b8246,order_4a808617f4e44e,clean_success,SUCCESS_CLEAN,499,card,new,2026-08-02T03:13:00,True,499,True
pay_b078b672e43748,order_9257c2dea71848,clean_failure_hard,VERIFIED_LOST_HARD,14999,card,high_value_repeat,2026-08-03T10:13:00,False,,
pay_9a2c969eb1e849,order_ba480613010b4c,clean_success,SUCCESS_CLEAN,7499,upi,returning,2026-08-05T22:39:00,True,7499,True
pay_39eeb7fba2fa48,order_f647a72227cb4a,settlement_mismatch,EXCEPTION_SETTLEMENT_MISMATCH,1499,card,new,2026-08-09T16:48:00,True,1454.03,False
pay_b766d1918b7f41,order_c66a483b631647,duplicate_attempt,ALREADY_RECOVERED_VIA_DUPLICATE,999,upi,returning,2026-08-20T03:23:00,True,999,True
pay_d3929aa67d994c,order_65c460b9c1af43,duplicate_attempt,ALREADY_RECOVERED_VIA_DUPLICATE,7499,card,returning,2026-08-19T16:13:00,True,7499,True
pay_1ff36e91c12143,order_9c2cc0e6af0946,clean_failure_hard,VERIFIED_LOST_HARD,499,upi,returning,2026-08-06T12:12:00,False,,
pay_c72e70d412134f,order_cde418afcf534d,clean_success,SUCCESS_CLEAN,14999,upi,high_value_repeat,2026-08-10T08:29:00,True,14999,True
pay_6e91536d5cff4d,order_7f6a2cce9b924b,duplicate_attempt,ALREADY_RECOVERED_VIA_DUPLICATE,499,upi,new,2026-08-11T17:22:00,True,499,True
pay_e66ecd403fec42,order_eb827a45ec2440,settlement_mismatch,EXCEPTION_SETTLEMENT_MISMATCH,74999,card,high_value_repeat,2026-08-14T16:14:00,True,73124.02,False
pay_748ca13f650047,order_05ce00cf01eb4a,clean_success,SUCCESS_CLEAN,499,card,returning,2026-08-12T02:29:00,True,499,True
pay_7b69a775a7e343,order_4a263cfeee6e4b,clean_failure_hard,VERIFIED_LOST_HARD,1499,card,new,2026-08-14T03:36:00,False,,
pay_3c31725e1cb849,order_2705816e36d94e,clean_success,SUCCESS_CLEAN,9999,card,high_value_repeat,2026-08-15T20:00:00,True,9999,True
pay_bf125f0bdc7747,order_41914b8cd49b43,late_auth_flip,LATE_AUTH_FLIP,7499,upi,returning,2026-08-10T15:59:00,True,7499,True
pay_f3f0fd17f88842,order_2e6d95db340848,late_auth_flip,LATE_AUTH_FLIP,199,upi,new,2026-08-12T14:02:00,True,199,True
pay_cd287e2b6f5148,order_04ceaf45a4894a,clean_success,SUCCESS_CLEAN,1499,upi,new,2026-08-11T16:44:00,True,1499,True
pay_4e61ff28ccb54b,order_f5680c47527743,clean_failure_hard,VERIFIED_LOST_HARD,7499,netbanking,returning,2026-08-17T05:22:00,False,,
pay_c2ff365eaf2945,order_055ed1f85d5b47,clean_failure_soft,VERIFIED_LOST_SOFT,4999,card,returning,2026-08-04T21:23:00,False,,
pay_ad4df93cef194f,order_0d5143936cf649,clean_success,SUCCESS_CLEAN,4999,card,high_value_repeat,2026-08-15T09:13:00,True,4999,True
pay_aa80538ee34d46,order_bcac1a5a0f304c,duplicate_attempt,ALREADY_RECOVERED_VIA_DUPLICATE,1999,upi,returning,2026-08-09T19:21:00,True,1999,True
pay_248b945813644f,order_e45deec3c2ea43,clean_failure_hard,VERIFIED_LOST_HARD,2999,netbanking,returning,2026-08-20T20:11:00,False,,
pay_61f5ceeb45004e,order_015b450f291c45,clean_success,SUCCESS_CLEAN,499,upi,new,2026-08-16T01:09:00,True,499,True
pay_64123e0c77bd40,order_30c98bf7c6d849,clean_failure_soft,VERIFIED_LOST_SOFT,499,upi,returning,2026-08-05T16:39:00,False,,
pay_78d71bbd328144,order_60091fc4cba041,late_auth_flip,LATE_AUTH_FLIP,499,card,returning,2026-08-15T23:27:00,True,499,True
pay_339b3555d43347,order_b6e2d7c8a7bd49,clean_success,SUCCESS_CLEAN,199,card,new,2026-08-06T22:01:00,True,199,True
pay_b355496de88446,order_63ec6a33a94e4e,clean_failure_hard,VERIFIED_LOST_HARD,1499,upi,new,2026-08-20T06:11:00,False,,
pay_d7e28360b3e340,order_3076f775fe2f4e,uncertain_pending,UNCERTAIN_AT_CUTOFF,9999,card,high_value_repeat,2026-08-06T16:14:00,False,,
pay_aeba0ba08bca40,order_8f10ac4271cc4b,clean_failure_soft,VERIFIED_LOST_SOFT,1499,upi,new,2026-08-20T21:48:00,False,,
pay_300395a55c9d49,order_ed823e3f42a540,clean_failure_hard,VERIFIED_LOST_HARD,1499,upi,new,2026-08-05T08:17:00,False,,
pay_342b64fba38b43,order_8afc1af3f3eb49,clean_failure_soft,VERIFIED_LOST_SOFT,4999,upi,high_value_repeat,2026-08-09T12:38:00,False,,
pay_da33f4f2419c49,order_222505bbd29e40,clean_success,SUCCESS_CLEAN,14999,upi,high_value_repeat,2026-08-07T09:55:00,True,14999,True
pay_ed6d7413eaa747,order_1d79526924e142,clean_success,SUCCESS_CLEAN,299,card,new,2026-08-13T08:18:00,True,299,True
pay_dc850b0335a740,order_0c123c23aa0a4a,clean_failure_hard,VERIFIED_LOST_HARD,199,upi,new,2026-08-19T01:54:00,False,,
pay_47e804d458e948,order_5c6bd55fc0064b,clean_failure_soft,VERIFIED_LOST_SOFT,49999,upi,high_value_repeat,2026-08-12T20:09:00,False,,
pay_e09b21d44b2e46,order_b39b8a9155ce4c,clean_success,SUCCESS_CLEAN,4999,card,high_value_repeat,2026-08-21T02:29:00,True,4999,True
pay_b871b932d3ac49,order_0a2ca8fea34f4c,clean_success,SUCCESS_CLEAN,49999,upi,high_value_repeat,2026-08-16T00:20:00,True,49999,True
pay_331d272d60a241,order_df072c43abcc43,clean_success,SUCCESS_CLEAN,199,netbanking,new,2026-08-20T15:44:00,True,199,True
pay_f9807d199dc148,order_2ac41e936c6842,clean_failure_soft,VERIFIED_LOST_SOFT,2999,card,returning,2026-08-12T12:45:00,False,,
pay_46f7dcf662b74e,order_4480817d0a5940,clean_success,SUCCESS_CLEAN,499,card,returning,2026-08-08T16:54:00,True,499,True
pay_9acad2747db847,order_b0121766fc1546,settlement_mismatch,EXCEPTION_SETTLEMENT_MISMATCH,9999,upi,high_value_repeat,2026-08-07T15:11:00,True,9699.03,False
pay_791b351be3da47,order_6047aeb7ea864f,duplicate_attempt,ALREADY_RECOVERED_VIA_DUPLICATE,74999,upi,high_value_repeat,2026-08-14T23:15:00,True,74999,True
pay_58cd090b912241,order_f5c505e6952942,clean_success,SUCCESS_CLEAN,2999,upi,returning,2026-08-11T03:56:00,True,2999,True
pay_79b38e0172f341,order_ceb75bd951dc40,clean_success,SUCCESS_CLEAN,199,card,new,2026-08-16T04:29:00,True,199,True
pay_2e23942f522749,order_0cd48b0ebcc242,clean_failure_soft,VERIFIED_LOST_SOFT,74999,card,high_value_repeat,2026-08-11T03:52:00,False,,
pay_e5a0cdc362ac4f,order_4ad64320db6f4b,clean_success,SUCCESS_CLEAN,999,upi,new,2026-08-11T16:40:00,True,999,True
pay_eaa8fb2e196146,order_4c81e04c5b6f40,clean_success,SUCCESS_CLEAN,2999,card,returning,2026-08-08T11:41:00,True,2999,True
pay_24066605f9de4b,order_56c266f20b3348,settlement_mismatch,EXCEPTION_SETTLEMENT_MISMATCH,1999,card,returning,2026-08-09T21:25:00,True,1959.02,False
pay_a7a43e90a16f41,order_6e6547cd86e748,clean_failure_soft,VERIFIED_LOST_SOFT,499,upi,returning,2026-08-03T07:37:00,False,,
pay_53c70e2018f74f,order_c58d9dc5cd2a4e,clean_failure_hard,VERIFIED_LOST_HARD,499,card,returning,2026-08-09T20:30:00,False,,
pay_be49ec8207d24d,order_2d25926ee0fb40,late_auth_flip,LATE_AUTH_FLIP,4999,card,high_value_repeat,2026-08-14T03:42:00,True,4999,True
pay_a37763ae026f46,order_260ba5e855114b,late_auth_flip,LATE_AUTH_FLIP,4999,upi,high_value_repeat,2026-08-21T06:06:00,True,4999,True
pay_3170a20928cc44,order_5cfd4f8ce92240,clean_success,SUCCESS_CLEAN,4999,netbanking,high_value_repeat,2026-08-15T00:54:00,True,4999,True
pay_5923115df5d44c,order_defe8534ef2e4f,clean_success,SUCCESS_CLEAN,1999,upi,returning,2026-08-12T22:06:00,True,1999,True
pay_e408253e747a4a,order_d1174c50901b41,clean_failure_hard,VERIFIED_LOST_HARD,299,card,new,2026-08-06T11:28:00,False,,
pay_c25ffb2cbecd4f,order_2ccfcda1e2bf49,clean_failure_hard,VERIFIED_LOST_HARD,4999,upi,returning,2026-08-18T17:29:00,False,,
pay_5f9d9d7648034f,order_7bf970a642cb42,clean_failure_hard,VERIFIED_LOST_HARD,9999,card,high_value_repeat,2026-08-20T14:34:00,False,,
pay_6587e30cc3d64b,order_6c7692d38a3946,late_auth_flip,LATE_AUTH_FLIP,49999,card,high_value_repeat,2026-08-14T01:03:00,True,49999,True
pay_1268d859e39d45,order_518ac366fa4a49,clean_failure_soft,VERIFIED_LOST_SOFT,74999,upi,high_value_repeat,2026-08-05T11:31:00,False,,
pay_a809711cd1a84d,order_a9f841abb59546,uncertain_pending,UNCERTAIN_AT_CUTOFF,14999,netbanking,high_value_repeat,2026-08-09T08:42:00,False,,
pay_a1bb888ca36041,order_0c792556e0a841,clean_success,SUCCESS_CLEAN,299,card,new,2026-08-10T11:52:00,True,299,True
pay_edbc34cdc19d44,order_6d0ec379452047,clean_failure_hard,VERIFIED_LOST_HARD,299,card,new,2026-08-02T01:44:00,False,,
pay_94eb8dbce88b46,order_1741b414513d48,clean_failure_hard,VERIFIED_LOST_HARD,49999,upi,high_value_repeat,2026-08-10T22:17:00,False,,
pay_7c6a539bb4e447,order_6c58113364994f,duplicate_attempt,ALREADY_RECOVERED_VIA_DUPLICATE,999,upi,returning,2026-08-17T19:05:00,True,999,True
pay_fd17a38f71fb4b,order_4959e3fe49c441,clean_success,SUCCESS_CLEAN,49999,upi,high_value_repeat,2026-08-02T13:43:00,True,49999,True
pay_361a15126a4f47,order_fadfbc51d53e4e,clean_success,SUCCESS_CLEAN,299,card,new,2026-08-02T12:10:00,True,299,True
pay_e71f538ebce442,order_30ef52fbe75447,clean_failure_hard,VERIFIED_LOST_HARD,4999,upi,high_value_repeat,2026-08-16T10:30:00,False,,
pay_eaecc368830341,order_be459828e5a04e,clean_failure_hard,VERIFIED_LOST_HARD,4999,upi,returning,2026-08-07T14:11:00,False,,
pay_dd5de1db327e45,order_4b2326c331334b,clean_success,SUCCESS_CLEAN,4999,upi,high_value_repeat,2026-08-03T21:33:00,True,4999,True
pay_245cdffe47ec4a,order_f090fca0c0d743,clean_success,SUCCESS_CLEAN,7499,card,returning,2026-08-12T10:45:00,True,7499,True
pay_f1802b9de53648,order_22e83655555244,settlement_mismatch,EXCEPTION_SETTLEMENT_MISMATCH,74999,upi,high_value_repeat,2026-08-06T09:25:00,True,73124.02,False
pay_d7a060e157b04e,order_70a2ddf9593544,clean_failure_hard,VERIFIED_LOST_HARD,199,upi,new,2026-08-06T04:21:00,False,,
pay_4d829d8d2b5544,order_73d7cdbbb2fe40,duplicate_attempt,ALREADY_RECOVERED_VIA_DUPLICATE,1999,upi,returning,2026-08-01T13:13:00,True,1999,True
pay_437351b2079d47,order_806d4699b63444,clean_failure_soft,VERIFIED_LOST_SOFT,24999,upi,high_value_repeat,2026-08-10T00:38:00,False,,
pay_5d11e2ce651e42,order_da7f78730a8e48,clean_success,SUCCESS_CLEAN,9999,upi,high_value_repeat,2026-08-20T08:07:00,True,9999,True
pay_71a07b1737ce4c,order_fa8339c64d4a43,uncertain_pending,UNCERTAIN_AT_CUTOFF,14999,upi,high_value_repeat,2026-08-20T23:38:00,False,,
pay_e86e3551b2ab41,order_67515121563b45,duplicate_attempt,ALREADY_RECOVERED_VIA_DUPLICATE,999,upi,new,2026-08-03T03:31:00,True,999,True
pay_afa25496d9894e,order_cc028c6b6be74e,uncertain_pending,UNCERTAIN_AT_CUTOFF,24999,card,high_value_repeat,2026-08-17T12:28:00,False,,
pay_5cc821f71d1747,order_002237b071d448,settlement_mismatch,EXCEPTION_SETTLEMENT_MISMATCH,1999,upi,returning,2026-08-01T20:23:00,True,1947.02,False
pay_50fb99e57bc943,order_6ed031d1cb1a41,duplicate_attempt,ALREADY_RECOVERED_VIA_DUPLICATE,24999,card,high_value_repeat,2026-08-09T14:37:00,True,24999,True
pay_f01ba3730b1b47,order_b250b9ae20df45,clean_success,SUCCESS_CLEAN,499,upi,returning,2026-08-14T18:36:00,True,499,True
pay_8a4a3092623f4f,order_83d78105e62244,clean_failure_hard,VERIFIED_LOST_HARD,4999,upi,returning,2026-08-21T04:25:00,False,,
pay_6f8e0aa2ceb84d,order_350d374310fc4b,clean_success,SUCCESS_CLEAN,14999,upi,high_value_repeat,2026-08-19T02:30:00,True,14999,True
pay_4ed617194ea84b,order_5a355ae1d79e40,clean_failure_hard,VERIFIED_LOST_HARD,199,upi,new,2026-08-03T23:16:00,False,,
pay_eb913304f52d44,order_eed6277e3a674e,clean_success,SUCCESS_CLEAN,1999,card,returning,2026-08-20T00:15:00,True,1999,True
pay_bd898744d99c46,order_0a03b4e6b8db48,clean_failure_hard,VERIFIED_LOST_HARD,9999,upi,high_value_repeat,2026-08-04T16:58:00,False,,
pay_dea54bc980894c,order_be0550c55ab441,uncertain_pending,UNCERTAIN_AT_CUTOFF,299,card,new,2026-08-18T16:10:00,False,,
pay_da27c5d5769449,order_91f963f36bb248,clean_success,SUCCESS_CLEAN,299,netbanking,new,2026-08-15T15:56:00,True,299,True
pay_91053390f9644e,order_a9fe27708b954e,late_auth_flip,LATE_AUTH_FLIP,2999,card,returning,2026-08-18T15:59:00,True,2999,True
pay_f33ab36f14c745,order_8b95d62c477746,clean_failure_hard,VERIFIED_LOST_HARD,49999,card,high_value_repeat,2026-08-15T14:04:00,False,,
pay_c36eb6852a134d,order_c7fedca4bc0f46,clean_failure_hard,VERIFIED_LOST_HARD,14999,upi,high_value_repeat,2026-08-02T22:17:00,False,,
pay_745f217e27f74b,order_3f3d4f62f5c046,settlement_mismatch,EXCEPTION_SETTLEMENT_MISMATCH,7499,upi,returning,2026-08-07T15:00:00,True,7266.53,False
pay_a9fbd01bb68347,order_d4f6f2d200b54c,uncertain_pending,UNCERTAIN_AT_CUTOFF,4999,upi,high_value_repeat,2026-08-11T15:48:00,False,,
pay_d50113eb58d247,order_3a3a17a431ff43,clean_failure_soft,VERIFIED_LOST_SOFT,499,card,new,2026-08-03T02:54:00,False,,
pay_2362da8f5ecb43,order_11daa382da964a,late_auth_flip,LATE_AUTH_FLIP,1499,card,new,2026-08-10T02:58:00,True,1499,True
pay_87488c1aa05a47,order_094c9d5c75cf4d,clean_success,SUCCESS_CLEAN,74999,card,high_value_repeat,2026-08-11T14:36:00,True,74999,True
pay_37a5d0a7de9740,order_b5a3757aaa1f47,clean_success,SUCCESS_CLEAN,74999,upi,high_value_repeat,2026-08-15T03:24:00,True,74999,True
pay_855bffb2406d4d,order_401706a1a46649,uncertain_pending,UNCERTAIN_AT_CUTOFF,4999,upi,returning,2026-08-02T18:47:00,False,,
pay_82e1b78b43fa4c,order_d38c59bffaf84a,clean_failure_soft,VERIFIED_LOST_SOFT,499,netbanking,new,2026-08-03T07:03:00,False,,
pay_2ba75d11676243,order_3c5983e18a6b45,clean_failure_soft,VERIFIED_LOST_SOFT,9999,upi,high_value_repeat,2026-08-17T11:27:00,False,,
pay_acaa2d9b3a8541,order_5fc9ad59ed334a,late_auth_flip,LATE_AUTH_FLIP,4999,upi,returning,2026-08-04T23:41:00,True,4999,True
pay_abbcd151e6ef4c,order_5bbaa3f5cd4e44,clean_success,SUCCESS_CLEAN,2999,upi,returning,2026-08-09T01:47:00,True,2999,True
pay_cbbc2f0c58c448,order_2acfd31fb4c449,clean_failure_soft,VERIFIED_LOST_SOFT,49999,upi,high_value_repeat,2026-08-15T17:32:00,False,,
pay_5fa2661596184e,order_b381e59e0b684f,clean_failure_soft,VERIFIED_LOST_SOFT,499,upi,returning,2026-08-14T01:43:00,False,,
pay_aa15f017914e43,order_baf427a1ed4841,duplicate_attempt,ALREADY_RECOVERED_VIA_DUPLICATE,1999,upi,returning,2026-08-20T18:04:00,True,1999,True
pay_5795be0422124d,order_9c2f0a5ebd2a4c,clean_success,SUCCESS_CLEAN,9999,upi,high_value_repeat,2026-08-14T15:15:00,True,9999,True
pay_1a7f6167f7e64c,order_b1d04b8c70aa40,uncertain_pending,UNCERTAIN_AT_CUTOFF,9999,netbanking,high_value_repeat,2026-08-08T10:25:00,False,,
pay_2eb9a3bd03c34a,order_aaf043925f0e46,clean_success,SUCCESS_CLEAN,74999,upi,high_value_repeat,2026-08-14T21:58:00,True,74999,True
pay_3c88b865cf8b4d,order_9bc03c91951f4c,clean_success,SUCCESS_CLEAN,4999,upi,high_value_repeat,2026-08-09T22:43:00,True,4999,True
pay_f4e4cf6a778043,order_543ed79f58e845,clean_failure_soft,VERIFIED_LOST_SOFT,14999,card,high_value_repeat,2026-08-16T14:58:00,False,,
pay_e95d4d84596843,order_ecdb505d3ddd45,clean_failure_soft,VERIFIED_LOST_SOFT,74999,netbanking,high_value_repeat,2026-08-03T12:02:00,False,,
pay_4d3bcd30111146,order_7ee602b75ea742,clean_success,SUCCESS_CLEAN,24999,upi,high_value_repeat,2026-08-01T18:57:00,True,24999,True
pay_51d517c9ddcf41,order_fdb41c75658444,clean_success,SUCCESS_CLEAN,1999,upi,returning,2026-08-06T05:58:00,True,1999,True
pay_f8548a47b75e40,order_f40f7f04cf0b46,duplicate_attempt,ALREADY_RECOVERED_VIA_DUPLICATE,2999,upi,returning,2026-08-04T12:07:00,True,2999,True
pay_d1cc87d6ab7544,order_7e241783edb048,clean_success,SUCCESS_CLEAN,499,card,new,2026-08-03T16:14:00,True,499,True
pay_18c663f2553a4e,order_4d5791e732ff44,clean_failure_soft,VERIFIED_LOST_SOFT,49999,card,high_value_repeat,2026-08-13T08:33:00,False,,
pay_f823fe09c5fe4f,order_ede1c04c760642,clean_failure_soft,VERIFIED_LOST_SOFT,14999,card,high_value_repeat,2026-08-15T10:31:00,False,,
pay_1f8d3b8ac71b4e,order_05fe710c5a2245,clean_failure_hard,VERIFIED_LOST_HARD,24999,upi,high_value_repeat,2026-08-05T11:45:00,False,,
pay_025cd6046fb243,order_bd576f00e0a248,clean_failure_soft,VERIFIED_LOST_SOFT,24999,upi,high_value_repeat,2026-08-09T15:57:00,False,,
pay_76ae714092814d,order_ecc894b1d33149,clean_failure_soft,VERIFIED_LOST_SOFT,9999,netbanking,high_value_repeat,2026-08-15T06:27:00,False,,
pay_2b59e145ec1841,order_15fdee3f846d49,settlement_mismatch,EXCEPTION_SETTLEMENT_MISMATCH,24999,upi,high_value_repeat,2026-08-06T19:37:00,True,24374.02,False
pay_b9d531f36d8f44,order_04e59abf6caa4c,clean_success,SUCCESS_CLEAN,999,upi,returning,2026-08-14T08:31:00,True,999,True
pay_282984e9d88e4e,order_8f6c701b25bd4a,late_auth_flip,LATE_AUTH_FLIP,2999,card,returning,2026-08-19T01:57:00,True,2999,True
pay_599c342448734e,order_bd5a6747d85644,clean_success,SUCCESS_CLEAN,24999,netbanking,high_value_repeat,2026-08-19T23:07:00,True,24999,True
pay_95acb667f41c40,order_f084bec45b184d,clean_failure_hard,VERIFIED_LOST_HARD,1499,upi,new,2026-08-07T01:32:00,False,,
pay_af69b35754f94e,order_8c855203e8c34a,clean_failure_soft,VERIFIED_LOST_SOFT,24999,card,high_value_repeat,2026-08-13T23:51:00,False,,
pay_2e262cd6164548,order_e8524c285ea444,clean_success,SUCCESS_CLEAN,49999,card,high_value_repeat,2026-08-07T20:40:00,True,49999,True
pay_a58d6b0e735f48,order_a5059799a9434c,clean_failure_hard,VERIFIED_LOST_HARD,299,upi,new,2026-08-13T01:21:00,False,,
pay_0a33bbafcd0f4d,order_3e0d6dec3d6f43,late_auth_flip,LATE_AUTH_FLIP,499,netbanking,returning,2026-08-06T10:15:00,True,499,True
pay_9d965eaa16ea4f,order_8933254f911542,clean_success,SUCCESS_CLEAN,999,upi,new,2026-08-12T19:09:00,True,999,True
pay_dee2e8abef3942,order_a9a07d5ceb974d,clean_failure_hard,VERIFIED_LOST_HARD,999,upi,returning,2026-08-03T05:34:00,False,,
pay_16afb03687194d,order_2976c91d00d84e,uncertain_pending,UNCERTAIN_AT_CUTOFF,199,upi,new,2026-08-03T15:06:00,False,,
pay_88c4c707e2d347,order_fe0103d88ecf4a,uncertain_pending,UNCERTAIN_AT_CUTOFF,14999,card,high_value_repeat,2026-08-04T12:08:00,False,,
pay_18db8d977c404b,order_c3f58f0794c143,clean_success,SUCCESS_CLEAN,2999,card,returning,2026-08-04T12:47:00,True,2999,True
pay_0bcbbe5512ec45,order_5e0f13a118a34a,clean_success,SUCCESS_CLEAN,24999,upi,high_value_repeat,2026-08-01T11:52:00,True,24999,True
pay_8b85137dfa0e47,order_51ed426b698a4c,clean_success,SUCCESS_CLEAN,199,upi,new,2026-08-20T09:00:00,True,199,True
pay_7f6a92bafed145,order_0347a841770c43,settlement_mismatch,EXCEPTION_SETTLEMENT_MISMATCH,1499,netbanking,new,2026-08-15T05:31:00,True,1454.03,False
pay_4564fc4c0bfe44,order_08586cb521a648,duplicate_attempt,ALREADY_RECOVERED_VIA_DUPLICATE,999,upi,returning,2026-08-02T11:04:00,True,999,True
pay_1d9d488f174940,order_fc4ff78ff9bc40,duplicate_attempt,ALREADY_RECOVERED_VIA_DUPLICATE,7499,card,returning,2026-08-11T18:38:00,True,7499,True
pay_a45c7883516640,order_84a557ec5de547,clean_failure_hard,VERIFIED_LOST_HARD,999,card,new,2026-08-01T17:58:00,False,,
pay_bdcc12ee50ab44,order_c151449d993c48,clean_success,SUCCESS_CLEAN,49999,upi,high_value_repeat,2026-08-04T15:24:00,True,49999,True
pay_cafca57756034d,order_483608a8d97049,duplicate_attempt,ALREADY_RECOVERED_VIA_DUPLICATE,2999,upi,returning,2026-08-09T09:41:00,True,2999,True
pay_3f924bb42ee043,order_059f3ca06f8b4a,late_auth_flip,LATE_AUTH_FLIP,24999,upi,high_value_repeat,2026-08-16T13:56:00,True,24999,True
pay_c00adb80c6a542,order_74ee3222d82c4e,clean_failure_soft,VERIFIED_LOST_SOFT,499,netbanking,returning,2026-08-13T18:08:00,False,,
pay_b04d0f216db448,order_f43f0944d26a49,uncertain_pending,UNCERTAIN_AT_CUTOFF,49999,upi,high_value_repeat,2026-08-21T05:57:00,False,,
pay_1c10bc05173b4b,order_8ca2a034407448,clean_failure_soft,VERIFIED_LOST_SOFT,999,netbanking,new,2026-08-07T03:31:00,False,,
pay_298ecea062db45,order_2918bc859b1245,clean_success,SUCCESS_CLEAN,499,card,new,2026-08-09T05:18:00,True,499,True
pay_ebdb22dd37f049,order_133472fdc7e14b,late_auth_flip,LATE_AUTH_FLIP,199,card,new,2026-08-18T02:30:00,True,199,True
pay_7c1f9b4184e14b,order_fd8b9e88471341,clean_success,SUCCESS_CLEAN,499,upi,new,2026-08-19T21:17:00,True,499,True
pay_bc5f723d8c4f44,order_84898f72f02f47,clean_failure_soft,VERIFIED_LOST_SOFT,9999,card,high_value_repeat,2026-08-16T22:55:00,False,,
pay_f6d9c208521b47,order_be9429f5539541,settlement_mismatch,EXCEPTION_SETTLEMENT_MISMATCH,24999,card,high_value_repeat,2026-08-19T20:11:00,True,24474.02,False
pay_7faed526f6244f,order_a69a198792af42,clean_success,SUCCESS_CLEAN,499,upi,returning,2026-08-02T08:55:00,True,499,True
pay_663cf80fd3034c,order_9c4a4d2b55814d,clean_success,SUCCESS_CLEAN,199,upi,new,2026-08-08T10:20:00,True,199,True
pay_82ad9694d44249,order_0d57132407ce4d,clean_success,SUCCESS_CLEAN,24999,netbanking,high_value_repeat,2026-08-13T17:34:00,True,24999,True
pay_d81f96403f0b41,order_fb5c98d048064c,clean_failure_soft,VERIFIED_LOST_SOFT,1999,upi,returning,2026-08-16T02:17:00,False,,
pay_2895e17be93f43,order_daf64cbf96374f,clean_success,SUCCESS_CLEAN,1999,card,returning,2026-08-02T11:06:00,True,1999,True
pay_db106a5954464c,order_8c360cdec60a4c,clean_failure_soft,VERIFIED_LOST_SOFT,14999,upi,high_value_repeat,2026-08-19T13:32:00,False,,
pay_5d64b1a9fc4f4f,order_c60f8e02de674b,late_auth_flip,LATE_AUTH_FLIP,2999,card,returning,2026-08-10T04:09:00,True,2999,True
pay_b4d50172b3284e,order_bb0e00dcd17e47,clean_success,SUCCESS_CLEAN,7499,upi,returning,2026-08-19T12:25:00,True,7499,True
pay_0d16c2ee852042,order_0b14be6a5c8745,clean_failure_soft,VERIFIED_LOST_SOFT,14999,card,high_value_repeat,2026-08-17T22:05:00,False,,
pay_5d70d4dd13bf40,order_7cf6e5d1a53c4a,clean_success,SUCCESS_CLEAN,999,card,new,2026-08-20T02:06:00,True,999,True
pay_cc96417139da4c,order_bfcdfd3501f14e,clean_failure_hard,VERIFIED_LOST_HARD,1499,upi,new,2026-08-03T17:01:00,False,,
pay_57aeca99b27744,order_8c92d9b681a742,settlement_mismatch,EXCEPTION_SETTLEMENT_MISMATCH,7499,upi,returning,2026-08-11T12:31:00,True,7274.03,False
pay_31db5574e2de4b,order_6c5c86d3118e48,duplicate_attempt,ALREADY_RECOVERED_VIA_DUPLICATE,999,upi,new,2026-08-02T08:07:00,True,999,True
pay_8d69c778c0f34a,order_8dc3f5ce439f4f,clean_success,SUCCESS_CLEAN,4999,netbanking,returning,2026-08-07T14:56:00,True,4999,True
pay_430e6915e1364c,order_75714dc388454c,clean_failure_hard,VERIFIED_LOST_HARD,4999,upi,high_value_repeat,2026-08-15T21:10:00,False,,
pay_22e674163c5640,order_38c51634807844,clean_success,SUCCESS_CLEAN,4999,card,returning,2026-08-16T20:02:00,True,4999,True
pay_4b575345b9b642,order_9498a6bfbc4845,clean_success,SUCCESS_CLEAN,199,upi,new,2026-08-15T04:48:00,True,199,True
pay_fa80dea4fb574f,order_148c7be4078a40,late_auth_flip,LATE_AUTH_FLIP,24999,upi,high_value_repeat,2026-08-02T21:43:00,True,24999,True
pay_94a40fbf5adf41,order_12d9fc9d647949,clean_failure_soft,VERIFIED_LOST_SOFT,1999,upi,returning,2026-08-14T06:47:00,False,,
pay_0703142a003048,order_f62ec58286af4c,clean_success,SUCCESS_CLEAN,9999,card,high_value_repeat,2026-08-09T19:35:00,True,9999,True
pay_cd8b11abd61f4b,order_6b778df9b16c46,late_auth_flip,LATE_AUTH_FLIP,2999,card,returning,2026-08-14T10:26:00,True,2999,True
pay_363e58866b0645,order_063c4763ad474d,clean_failure_soft,VERIFIED_LOST_SOFT,2999,upi,returning,2026-08-07T17:12:00,False,,
pay_2db5277cb77840,order_6b60764750174b,clean_failure_hard,VERIFIED_LOST_HARD,199,card,new,2026-08-12T17:32:00,False,,
pay_f9f76867cbe948,order_30eb4cafa20640,clean_success,SUCCESS_CLEAN,4999,upi,returning,2026-08-19T00:14:00,True,4999,True
pay_eefe74b8b2a445,order_fe9ee496c23048,clean_success,SUCCESS_CLEAN,7499,upi,returning,2026-08-15T07:09:00,True,7499,True
pay_074dc790b14049,order_2991c943116b42,duplicate_attempt,ALREADY_RECOVERED_VIA_DUPLICATE,7499,netbanking,returning,2026-08-12T13:15:00,True,7499,True
pay_ae91704fedab4b,order_b44b06e30f3d4f,settlement_mismatch,EXCEPTION_SETTLEMENT_MISMATCH,299,card,new,2026-08-11T15:52:00,True,293.02,False
pay_fbe522fc73bf44,order_fd858ca5fe2d49,clean_failure_soft,VERIFIED_LOST_SOFT,499,card,returning,2026-08-20T14:46:00,False,,
pay_aa1b2cf7a50a4e,order_517443d1bed340,duplicate_attempt,ALREADY_RECOVERED_VIA_DUPLICATE,14999,card,high_value_repeat,2026-08-13T21:22:00,True,14999,True
pay_99060a868ba645,order_dbff195d42f446,clean_failure_soft,VERIFIED_LOST_SOFT,1999,card,returning,2026-08-17T13:44:00,False,,
pay_341666dcd1574a,order_8ed76ca0edef47,clean_success,SUCCESS_CLEAN,74999,upi,high_value_repeat,2026-08-09T14:25:00,True,74999,True
pay_a19f8e41277646,order_53d7c8b263e844,clean_success,SUCCESS_CLEAN,9999,upi,high_value_repeat,2026-08-05T22:45:00,True,9999,True
pay_7deb5f0b097c46,order_531fb27f5a4c45,clean_failure_hard,VERIFIED_LOST_HARD,299,card,new,2026-08-01T23:21:00,False,,
pay_f50de26dc06d41,order_61541bfa39c849,duplicate_attempt,ALREADY_RECOVERED_VIA_DUPLICATE,49999,upi,high_value_repeat,2026-08-19T15:54:00,True,49999,True
pay_1a29208a41a04c,order_a4cbace95ee740,late_auth_flip,LATE_AUTH_FLIP,1499,card,new,2026-08-02T20:54:00,True,1499,True
pay_dc7bcb3649294c,order_93dd2ce173e044,duplicate_attempt,ALREADY_RECOVERED_VIA_DUPLICATE,74999,upi,high_value_repeat,2026-08-10T17:20:00,True,74999,True
pay_393b5e1f1f2d40,order_564c62db2e5d45,duplicate_attempt,ALREADY_RECOVERED_VIA_DUPLICATE,4999,upi,high_value_repeat,2026-08-08T14:08:00,True,4999,True
pay_b07f8cd5cd624f,order_4c0b8e48087643,clean_success,SUCCESS_CLEAN,999,upi,new,2026-08-13T03:32:00,True,999,True
pay_d95d8e2dd7d64d,order_518030e353c44c,clean_success,SUCCESS_CLEAN,999,card,returning,2026-08-19T03:07:00,True,999,True
pay_29e04e60b34a46,order_6a67a05bf1dd4f,clean_success,SUCCESS_CLEAN,74999,card,high_value_repeat,2026-08-18T20:18:00,True,74999,True
pay_528132c00cb547,order_b0e98605189546,late_auth_flip,LATE_AUTH_FLIP,999,upi,new,2026-08-21T03:09:00,True,999,True
pay_8f022c9aa8c34b,order_cb64e2d8648f44,duplicate_attempt,ALREADY_RECOVERED_VIA_DUPLICATE,9999,upi,high_value_repeat,2026-08-05T01:27:00,True,9999,True
pay_36c9e070906142,order_5253c85e9de442,clean_failure_hard,VERIFIED_LOST_HARD,9999,upi,high_value_repeat,2026-08-13T04:23:00,False,,
pay_ad0d744169a045,order_64537215af1341,clean_failure_soft,VERIFIED_LOST_SOFT,499,upi,new,2026-08-13T21:49:00,False,,
pay_0c6b0b46bfc740,order_deeaf690adb34f,clean_success,SUCCESS_CLEAN,499,card,new,2026-08-03T12:01:00,True,499,True
pay_d76c31a1f28247,order_0c11eaa9d2154a,settlement_mismatch,EXCEPTION_SETTLEMENT_MISMATCH,74999,upi,high_value_repeat,2026-08-14T14:06:00,True,73424.02,False
pay_980ddebcfa1446,order_6b84bd0d6ebb4c,duplicate_attempt,ALREADY_RECOVERED_VIA_DUPLICATE,74999,netbanking,high_value_repeat,2026-08-09T01:23:00,True,74999,True
pay_ec331e8fd78b4a,order_ddb5dd1a8cb54d,uncertain_pending,UNCERTAIN_AT_CUTOFF,199,upi,new,2026-08-15T23:19:00,False,,
pay_13b1e80528ca40,order_e31351378ae84c,late_auth_flip,LATE_AUTH_FLIP,7499,upi,returning,2026-08-14T09:27:00,True,7499,True
pay_c387f35b034048,order_176b27e0bfa440,duplicate_attempt,ALREADY_RECOVERED_VIA_DUPLICATE,4999,upi,high_value_repeat,2026-08-15T15:30:00,True,4999,True
pay_f4c2fb9462724b,order_e6e11a0be8e640,clean_success,SUCCESS_CLEAN,7499,netbanking,returning,2026-08-12T08:45:00,True,7499,True
pay_73091affe2334b,order_f2432bc4b3c845,late_auth_flip,LATE_AUTH_FLIP,999,upi,new,2026-08-03T00:51:00,True,999,True
pay_bf095c3992dd46,order_b4a42f2351a345,clean_failure_hard,VERIFIED_LOST_HARD,999,upi,new,2026-08-11T22:38:00,False,,
pay_b5db5332265c47,order_30f9e40463de47,settlement_mismatch,EXCEPTION_SETTLEMENT_MISMATCH,4999,upi,returning,2026-08-20T23:29:00,True,4849.03,False
pay_784679bffcc642,order_283d4c0974f042,late_auth_flip,LATE_AUTH_FLIP,2999,upi,returning,2026-08-09T19:21:00,True,2999,True
pay_a2d65ad7a7234c,order_ab487fa03c2d43,duplicate_attempt,ALREADY_RECOVERED_VIA_DUPLICATE,499,upi,new,2026-08-04T03:54:00,True,499,True
pay_2eae43d33e6c4a,order_beae66d1b65c47,late_auth_flip,LATE_AUTH_FLIP,999,upi,returning,2026-08-02T12:38:00,True,999,True
pay_e0894a51c1d840,order_eed06a6c4dd846,clean_success,SUCCESS_CLEAN,24999,upi,high_value_repeat,2026-08-21T01:34:00,True,24999,True
pay_31c10d4b129b47,order_9ce0329c7f004f,late_auth_flip,LATE_AUTH_FLIP,499,netbanking,new,2026-08-17T18:49:00,True,499,True
pay_14aa61d4009048,order_fa50d62a969c43,clean_success,SUCCESS_CLEAN,999,netbanking,new,2026-08-11T23:56:00,True,999,True
pay_a8cc97d72d804f,order_e9f31ae541414f,duplicate_attempt,ALREADY_RECOVERED_VIA_DUPLICATE,1999,upi,returning,2026-08-03T10:10:00,True,1999,True
pay_3550af35b99d41,order_5460e7fcedf64d,duplicate_attempt,ALREADY_RECOVERED_VIA_DUPLICATE,24999,netbanking,high_value_repeat,2026-08-06T06:29:00,True,24999,True
pay_050e13e7b59343,order_c94629237ea34c,clean_success,SUCCESS_CLEAN,499,upi,returning,2026-08-12T15:16:00,True,499,True
pay_99074b470a7340,order_1818824d68b04f,late_auth_flip,LATE_AUTH_FLIP,74999,card,high_value_repeat,2026-08-07T21:03:00,True,74999,True
pay_56e0542f111143,order_7903d36a14ec45,clean_failure_hard,VERIFIED_LOST_HARD,999,upi,new,2026-08-07T09:26:00,False,,
pay_26052a8675824a,order_f6515933940449,clean_failure_hard,VERIFIED_LOST_HARD,1999,upi,returning,2026-08-02T12:56:00,False,,
pay_4591733f0b2a4e,order_4c3ea3a19baa4d,late_auth_flip,LATE_AUTH_FLIP,4999,upi,returning,2026-08-10T03:59:00,True,4999,True
pay_2a9ba3c44d4441,order_9a2045d09e8241,clean_success,SUCCESS_CLEAN,14999,card,high_value_repeat,2026-08-15T13:22:00,True,14999,True
pay_3b3a00b2967a4d,order_9d138744544240,clean_success,SUCCESS_CLEAN,49999,upi,high_value_repeat,2026-08-03T13:48:00,True,49999,True
pay_0826dae30a2b44,order_ae7eaea22e674f,clean_success,SUCCESS_CLEAN,1999,card,returning,2026-08-09T02:11:00,True,1999,True
pay_b365b12290214d,order_700b59de37734a,clean_failure_hard,VERIFIED_LOST_HARD,14999,card,high_value_repeat,2026-08-05T21:42:00,False,,
pay_af7d06fae8ce4e,order_da1d5f43e1784e,duplicate_attempt,ALREADY_RECOVERED_VIA_DUPLICATE,24999,upi,high_value_repeat,2026-08-02T09:44:00,True,24999,True
pay_375263b3b9a54c,order_2d27a244691642,uncertain_pending,UNCERTAIN_AT_CUTOFF,499,card,new,2026-08-13T04:37:00,False,,
pay_127882304c3148,order_b1075fdab63f49,clean_success,SUCCESS_CLEAN,1499,card,new,2026-08-04T13:20:00,True,1499,True
pay_7073401e46f241,order_9f4c8bc510234f,clean_failure_soft,VERIFIED_LOST_SOFT,4999,upi,returning,2026-08-10T07:36:00,False,,
pay_d3d24946d14e4d,order_12aa7258b9df42,clean_failure_hard,VERIFIED_LOST_HARD,14999,card,high_value_repeat,2026-08-12T22:03:00,False,,
pay_6486cbcac9e943,order_d2a9289ae86047,uncertain_pending,UNCERTAIN_AT_CUTOFF,24999,card,high_value_repeat,2026-08-08T04:43:00,False,,
pay_30dceb211b1f43,order_743093a666f749,clean_failure_soft,VERIFIED_LOST_SOFT,499,upi,new,2026-08-03T20:51:00,False,,
pay_aa0bc72638f943,order_c16e363925a14b,settlement_mismatch,EXCEPTION_SETTLEMENT_MISMATCH,14999,card,high_value_repeat,2026-08-17T21:07:00,True,14549.03,False
pay_a35aed7b97dc4c,order_16229e9354df44,clean_success,SUCCESS_CLEAN,24999,upi,high_value_repeat,2026-08-16T07:02:00,True,24999,True
pay_9c09332afc3a41,order_7fbcfe640fa54b,uncertain_pending,UNCERTAIN_AT_CUTOFF,49999,upi,high_value_repeat,2026-08-02T13:02:00,False,,
pay_32742cc241ab4a,order_50efb3f1af6441,clean_success,SUCCESS_CLEAN,999,upi,returning,2026-08-17T18:51:00,True,999,True
pay_aa4399c7d5ca4f,order_b73ec410ae3440,uncertain_pending,UNCERTAIN_AT_CUTOFF,24999,upi,high_value_repeat,2026-08-16T20:46:00,False,,
pay_625881e9b12642,order_4943cba284ca48,clean_success,SUCCESS_CLEAN,1499,netbanking,new,2026-08-03T21:01:00,True,1499,True
pay_69d3be0366274e,order_cb952394383a4c,clean_success,SUCCESS_CLEAN,199,upi,new,2026-08-10T21:42:00,True,199,True
pay_695f7e3c32c946,order_380b39d74cbb48,clean_failure_hard,VERIFIED_LOST_HARD,999,card,new,2026-08-10T17:07:00,False,,
pay_97d296ede4d44f,order_44fd28320b2147,late_auth_flip,LATE_AUTH_FLIP,24999,card,high_value_repeat,2026-08-18T02:51:00,True,24999,True
pay_4d934601b2de43,order_f8c0fab0659c46,clean_failure_hard,VERIFIED_LOST_HARD,9999,upi,high_value_repeat,2026-08-14T03:19:00,False,,
pay_f48af0fa93874e,order_0db96d3150314b,clean_failure_soft,VERIFIED_LOST_SOFT,24999,upi,high_value_repeat,2026-08-08T12:21:00,False,,
pay_1e32766a4c2540,order_dbc3ce7d74b24a,clean_failure_soft,VERIFIED_LOST_SOFT,4999,upi,returning,2026-08-09T10:29:00,False,,
pay_ee6d64c704fa4a,order_66c2b5872a8d4d,clean_failure_hard,VERIFIED_LOST_HARD,74999,card,high_value_repeat,2026-08-17T03:38:00,False,,
pay_a86ddfc185de40,order_2e34bd9095964f,clean_failure_soft,VERIFIED_LOST_SOFT,24999,upi,high_value_repeat,2026-08-06T23:37:00,False,,
pay_5942c900359a45,order_bf2990add9ea4d,clean_success,SUCCESS_CLEAN,14999,upi,high_value_repeat,2026-08-08T03:32:00,True,14999,True
pay_572a57e9973547,order_2f2014808fd44a,late_auth_flip,LATE_AUTH_FLIP,7499,upi,returning,2026-08-17T10:01:00,True,7499,True
pay_c2bde83ccb5e41,order_fa83cef550f145,clean_success,SUCCESS_CLEAN,1999,card,returning,2026-08-19T11:23:00,True,1999,True
pay_ffc4a63818894c,order_d794fb7c61c343,settlement_mismatch,EXCEPTION_SETTLEMENT_MISMATCH,14999,upi,high_value_repeat,2026-08-14T10:11:00,True,14549.03,False
pay_c4823cb037b94e,order_bc599b4e3c2b4e,clean_failure_soft,VERIFIED_LOST_SOFT,1999,netbanking,returning,2026-08-19T16:25:00,False,,
pay_8b3e0344663c45,order_e64a0de5c86248,late_auth_flip,LATE_AUTH_FLIP,499,upi,returning,2026-08-17T15:00:00,True,499,True
pay_7d4f5833b12240,order_f50bc603e4044b,late_auth_flip,LATE_AUTH_FLIP,7499,upi,returning,2026-08-12T06:38:00,True,7499,True
pay_914ba9e92db949,order_d7cacccfc58d47,clean_failure_soft,VERIFIED_LOST_SOFT,14999,netbanking,high_value_repeat,2026-08-17T05:12:00,False,,
pay_a2aa0b29a91c49,order_439d9e0a4a5f48,clean_failure_hard,VERIFIED_LOST_HARD,199,card,new,2026-08-14T17:29:00,False,,
pay_716645d1e47244,order_02b57bbcae594c,clean_success,SUCCESS_CLEAN,199,card,new,2026-08-13T11:01:00,True,199,True
pay_2a5fbd490b0548,order_ffe7b4a42f9f4c,clean_failure_soft,VERIFIED_LOST_SOFT,299,upi,new,2026-08-10T18:43:00,False,,
pay_b00adac196b14d,order_53d5c9663c6d4f,clean_failure_hard,VERIFIED_LOST_HARD,24999,upi,high_value_repeat,2026-08-18T21:56:00,False,,
pay_87ffab3553344b,order_7275bca9c94f48,clean_failure_hard,VERIFIED_LOST_HARD,1499,netbanking,new,2026-08-04T23:15:00,False,,
pay_4ffb4def6d414f,order_15157ff49b2945,duplicate_attempt,ALREADY_RECOVERED_VIA_DUPLICATE,24999,upi,high_value_repeat,2026-08-05T21:55:00,True,24999,True
pay_051f4d69cda945,order_cb104c14145c41,late_auth_flip,LATE_AUTH_FLIP,1999,card,returning,2026-08-18T20:49:00,True,1999,True
pay_dc887378ae4243,order_70296e53ce0741,clean_failure_hard,VERIFIED_LOST_HARD,9999,upi,high_value_repeat,2026-08-17T19:55:00,False,,
pay_28ab0476c3774b,order_b7509673885a45,clean_failure_hard,VERIFIED_LOST_HARD,999,card,new,2026-08-05T09:00:00,False,,
pay_1dfc8624bbac4d,order_7e8a41f6397347,clean_failure_hard,VERIFIED_LOST_HARD,2999,upi,returning,2026-08-18T10:03:00,False,,
pay_9608918372d54d,order_052122fe5db442,clean_failure_hard,VERIFIED_LOST_HARD,199,upi,new,2026-08-15T02:11:00,False,,
pay_eb7d821f625948,order_cc8a555754c341,clean_success,SUCCESS_CLEAN,1999,upi,returning,2026-08-15T23:14:00,True,1999,True
pay_ef6b925baeb94e,order_420df83d4f7a44,clean_success,SUCCESS_CLEAN,49999,upi,high_value_repeat,2026-08-04T10:17:00,True,49999,True
pay_85a395f8fb174b,order_8a28701afe644d,clean_failure_hard,VERIFIED_LOST_HARD,24999,upi,high_value_repeat,2026-08-19T18:43:00,False,,
pay_9f8e12b4c9cc43,order_bcd40b3748f44d,settlement_mismatch,EXCEPTION_SETTLEMENT_MISMATCH,999,card,returning,2026-08-16T03:03:00,True,974.02,False
pay_82927f68015a48,order_728cd0e117d44c,clean_failure_soft,VERIFIED_LOST_SOFT,499,card,new,2026-08-14T07:05:00,False,,
pay_2a40ea6ec8a642,order_e9382a511d9741,settlement_mismatch,EXCEPTION_SETTLEMENT_MISMATCH,299,card,new,2026-08-15T21:49:00,True,291.52,False
pay_ec2a52bdef3d4e,order_066f5f03e7d345,clean_failure_soft,VERIFIED_LOST_SOFT,14999,upi,high_value_repeat,2026-08-16T14:30:00,False,,
pay_4f53bd493e7d49,order_64596650218e46,clean_failure_hard,VERIFIED_LOST_HARD,299,upi,new,2026-08-07T00:28:00,False,,
pay_1c2485eb93c14b,order_8523a52ed73840,clean_failure_soft,VERIFIED_LOST_SOFT,2999,upi,returning,2026-08-18T12:39:00,False,,
pay_e2071f5f505942,order_9e3513971e134a,clean_success,SUCCESS_CLEAN,1999,card,returning,2026-08-14T09:52:00,True,1999,True
pay_388482d1ecdc4c,order_b776cb2c2a224f,clean_success,SUCCESS_CLEAN,499,card,new,2026-08-17T03:20:00,True,499,True
pay_963b2d73535f4d,order_07f8c8abf95c44,clean_failure_hard,VERIFIED_LOST_HARD,199,card,new,2026-08-11T23:10:00,False,,
pay_9abb8ccb6e6946,order_73c76509f9e241,clean_failure_soft,VERIFIED_LOST_SOFT,999,card,new,2026-08-17T09:14:00,False,,
pay_b8ed3e48c4534d,order_81a5c994d7054a,clean_failure_soft,VERIFIED_LOST_SOFT,4999,card,high_value_repeat,2026-08-08T02:07:00,False,,
pay_b37d02821ae64d,order_33ca62f3b3bb4d,clean_failure_hard,VERIFIED_LOST_HARD,9999,upi,high_value_repeat,2026-08-04T09:56:00,False,,
pay_233b0a92a7ed40,order_c370ef7bd38947,clean_failure_hard,VERIFIED_LOST_HARD,999,card,new,2026-08-15T03:48:00,False,,
pay_04c09120d8244b,order_90399bc3b1fe48,clean_success,SUCCESS_CLEAN,7499,upi,returning,2026-08-12T02:08:00,True,7499,True
pay_79d9f8cdfa514b,order_51ce0262ee484d,clean_failure_hard,VERIFIED_LOST_HARD,74999,card,high_value_repeat,2026-08-18T17:04:00,False,,
pay_898d2810607d49,order_a5d22f9f6c2041,settlement_mismatch,EXCEPTION_SETTLEMENT_MISMATCH,49999,card,high_value_repeat,2026-08-03T05:42:00,True,48499.03,False
pay_461b33ded6144f,order_69577213e8504a,late_auth_flip,LATE_AUTH_FLIP,14999,upi,high_value_repeat,2026-08-14T05:06:00,True,14999,True
pay_61446db83bec44,order_cd9437ac696a49,clean_success,SUCCESS_CLEAN,49999,upi,high_value_repeat,2026-08-13T14:05:00,True,49999,True
pay_73c7476313484e,order_a8a6db259dbc47,clean_success,SUCCESS_CLEAN,299,upi,new,2026-08-13T05:10:00,True,299,True
pay_6501872a068c4e,order_816d0b81176f40,clean_failure_soft,VERIFIED_LOST_SOFT,499,card,returning,2026-08-17T16:31:00,False,,
pay_3c71a3d50e0e4d,order_f60000a7371d44,clean_failure_soft,VERIFIED_LOST_SOFT,499,card,returning,2026-08-11T12:17:00,False,,
pay_049444b3a83449,order_0ee2f390d8c748,clean_failure_hard,VERIFIED_LOST_HARD,999,upi,returning,2026-08-11T18:28:00,False,,
pay_c56e529f4d7040,order_ec552c2f67e242,late_auth_flip,LATE_AUTH_FLIP,24999,card,high_value_repeat,2026-08-08T09:18:00,True,24999,True
pay_85b709f570f04f,order_b5bbd60e139c4e,late_auth_flip,LATE_AUTH_FLIP,1999,card,returning,2026-08-18T08:18:00,True,1999,True
pay_2449ad1c8a604f,order_5ea4e3d0dc0740,clean_failure_soft,VERIFIED_LOST_SOFT,199,upi,new,2026-08-17T07:30:00,False,,
pay_01b65246e6a241,order_c6a44305173c4b,clean_success,SUCCESS_CLEAN,4999,netbanking,high_value_repeat,2026-08-02T22:41:00,True,4999,True
pay_482e3bacdc914a,order_7ec133f85c4046,clean_success,SUCCESS_CLEAN,499,upi,returning,2026-08-05T11:17:00,True,499,True
pay_29724c72b0e043,order_7d6164908a9047,clean_success,SUCCESS_CLEAN,999,upi,new,2026-08-10T01:53:00,True,999,True
pay_8e24354d34f749,order_b3e459b0af1942,clean_success,SUCCESS_CLEAN,2999,upi,returning,2026-08-16T21:51:00,True,2999,True
pay_0cf41318d96f44,order_7a1f3abb01d04e,clean_failure_hard,VERIFIED_LOST_HARD,49999,upi,high_value_repeat,2026-08-20T22:49:00,False,,
pay_cf66580ef83a4d,order_1c02c377037849,duplicate_attempt,ALREADY_RECOVERED_VIA_DUPLICATE,299,netbanking,new,2026-08-10T07:39:00,True,299,True
pay_9f828d16d53345,order_cd081f0c8bc249,clean_success,SUCCESS_CLEAN,299,card,new,2026-08-18T13:58:00,True,299,True
pay_505bf0efab7749,order_77dd4b9cf5ee4d,clean_failure_hard,VERIFIED_LOST_HARD,499,upi,new,2026-08-17T17:43:00,False,,
pay_a280559acf3d49,order_c8361c712f844e,clean_failure_soft,VERIFIED_LOST_SOFT,24999,card,high_value_repeat,2026-08-07T00:10:00,False,,
pay_38ffb456592e41,order_e85ce592fe0848,clean_success,SUCCESS_CLEAN,999,upi,returning,2026-08-21T06:58:00,True,999,True
pay_0a5a971abec041,order_06489d133c6442,clean_failure_soft,VERIFIED_LOST_SOFT,4999,upi,high_value_repeat,2026-08-16T09:33:00,False,,
pay_752e3c90c48444,order_b677c1afd12542,clean_failure_hard,VERIFIED_LOST_HARD,4999,upi,high_value_repeat,2026-08-02T21:44:00,False,,
pay_223b45b3fff549,order_40139cc0d61241,clean_success,SUCCESS_CLEAN,4999,upi,high_value_repeat,2026-08-16T16:00:00,True,4999,True
pay_cf187d77a23443,order_dca3e76ec40a48,clean_failure_soft,VERIFIED_LOST_SOFT,4999,upi,high_value_repeat,2026-08-02T09:09:00,False,,
pay_409ba491d39e4d,order_43021362e2de4b,clean_success,SUCCESS_CLEAN,999,upi,returning,2026-08-18T12:59:00,True,999,True
pay_f35cacd9b0aa4b,order_d294767caf304a,late_auth_flip,LATE_AUTH_FLIP,299,upi,new,2026-08-07T22:58:00,True,299,True
pay_0211f0a1a7c643,order_dd07023fa2f540,late_auth_flip,LATE_AUTH_FLIP,14999,card,high_value_repeat,2026-08-18T22:54:00,True,14999,True
pay_d0334ed32ba84d,order_c6d32615224448,clean_success,SUCCESS_CLEAN,499,card,new,2026-08-16T09:33:00,True,499,True
pay_578b47e2e1b04d,order_567de5af1d5f4a,clean_failure_hard,VERIFIED_LOST_HARD,9999,upi,high_value_repeat,2026-08-07T15:16:00,False,,
pay_8ea03dd369ee4a,order_b1fadd282e334a,clean_success,SUCCESS_CLEAN,49999,card,high_value_repeat,2026-08-05T08:38:00,True,49999,True
pay_e90705c388ad4e,order_13f99f78961346,settlement_mismatch,EXCEPTION_SETTLEMENT_MISMATCH,74999,upi,high_value_repeat,2026-08-12T15:40:00,True,73499.02,False
pay_ef91bc13d11343,order_cef5be9cdfc844,clean_failure_soft,VERIFIED_LOST_SOFT,74999,upi,high_value_repeat,2026-08-13T07:25:00,False,,
pay_e41f6d98dc0840,order_2f11768c058442,clean_success,SUCCESS_CLEAN,24999,upi,high_value_repeat,2026-08-08T04:46:00,True,24999,True
pay_e01f66b996d94e,order_ff99b3d13d9c42,clean_success,SUCCESS_CLEAN,999,card,returning,2026-08-12T03:36:00,True,999,True
pay_5e0bc43c6afa4e,order_8e2cd2b50f6e4d,duplicate_attempt,ALREADY_RECOVERED_VIA_DUPLICATE,299,upi,new,2026-08-17T11:25:00,True,299,True
pay_fe36e7e91ee84e,order_fd027cb3efdd41,clean_failure_hard,VERIFIED_LOST_HARD,499,card,returning,2026-08-10T20:28:00,False,,
pay_f4d19e4e4c1542,order_7b244199d43540,late_auth_flip,LATE_AUTH_FLIP,9999,upi,high_value_repeat,2026-08-07T04:15:00,True,9999,True
pay_3aab5d88c41741,order_6c2f3ca8ab0144,clean_failure_soft,VERIFIED_LOST_SOFT,4999,netbanking,high_value_repeat,2026-08-20T15:38:00,False,,
pay_d1ad7e4a0f2c45,order_f08e5563bbd546,uncertain_pending,UNCERTAIN_AT_CUTOFF,1499,card,new,2026-08-05T17:01:00,False,,
pay_8eff6924c64f4b,order_aac9e8fc20df45,clean_failure_soft,VERIFIED_LOST_SOFT,2999,card,returning,2026-08-15T02:16:00,False,,
pay_91e46d76fe474e,order_1fe0ec5fa60c4b,settlement_mismatch,EXCEPTION_SETTLEMENT_MISMATCH,299,card,new,2026-08-14T17:53:00,True,290.03,False
pay_6a2f73e2125c4b,order_e9151e3fb6f44a,duplicate_attempt,ALREADY_RECOVERED_VIA_DUPLICATE,999,upi,new,2026-08-08T22:50:00,True,999,True
pay_665d0be2de5d47,order_e16dc8a4b6a84f,clean_failure_soft,VERIFIED_LOST_SOFT,299,netbanking,new,2026-08-18T05:56:00,False,,
pay_30f03d395cd149,order_dff1bc9a053d41,late_auth_flip,LATE_AUTH_FLIP,24999,netbanking,high_value_repeat,2026-08-17T04:54:00,True,24999,True
pay_11c0129b165f4c,order_efcf37030f5644,clean_failure_soft,VERIFIED_LOST_SOFT,999,netbanking,new,2026-08-13T22:30:00,False,,
pay_a7a9ecb2c2db43,order_530ebde0c71945,duplicate_attempt,ALREADY_RECOVERED_VIA_DUPLICATE,2999,upi,returning,2026-08-16T03:17:00,True,2999,True
pay_98fc8c83e1194c,order_b2e363cec7834c,clean_failure_soft,VERIFIED_LOST_SOFT,1999,upi,returning,2026-08-12T16:34:00,False,,
pay_b3328958d3da4e,order_66acdbd6fadc44,duplicate_attempt,ALREADY_RECOVERED_VIA_DUPLICATE,999,card,new,2026-08-08T15:53:00,True,999,True
pay_b36fa2fffa104f,order_80a558871dd040,late_auth_flip,LATE_AUTH_FLIP,1999,upi,returning,2026-08-14T04:12:00,True,1999,True
pay_4542fee0f24443,order_22d10be57d2342,clean_failure_hard,VERIFIED_LOST_HARD,199,upi,new,2026-08-14T15:57:00,False,,
pay_d25a6c9e10d542,order_a293a90ac05f43,clean_success,SUCCESS_CLEAN,999,upi,returning,2026-08-06T14:37:00,True,999,True
pay_b8f73faf464146,order_fcf64b554cd34f,clean_success,SUCCESS_CLEAN,4999,card,returning,2026-08-12T17:41:00,True,4999,True
pay_131756d520484e,order_923f6e15fba845,clean_failure_soft,VERIFIED_LOST_SOFT,74999,netbanking,high_value_repeat,2026-08-09T01:21:00,False,,
pay_ce5cb41c0f9746,order_15f7f12a203143,late_auth_flip,LATE_AUTH_FLIP,7499,card,returning,2026-08-12T12:55:00,True,7499,True
pay_c12fcb4fb01544,order_4622de83740741,clean_failure_soft,VERIFIED_LOST_SOFT,14999,upi,high_value_repeat,2026-08-17T18:23:00,False,,
pay_42f7377eff7646,order_0be2fcf551ac4e,clean_failure_soft,VERIFIED_LOST_SOFT,999,netbanking,returning,2026-08-13T17:04:00,False,,
pay_bf8fb9ca492944,order_55bd2084176641,clean_success,SUCCESS_CLEAN,1499,upi,new,2026-08-20T15:24:00,True,1499,True
pay_d75901b4b45442,order_7497bd47e3cd43,clean_success,SUCCESS_CLEAN,199,card,new,2026-08-10T18:13:00,True,199,True
pay_d9694792362d4c,order_90a02a4ad88f49,clean_success,SUCCESS_CLEAN,299,upi,new,2026-08-04T19:28:00,True,299,True
pay_be78e59fd2cb47,order_f51f6d65768a41,clean_success,SUCCESS_CLEAN,299,upi,new,2026-08-09T20:49:00,True,299,True
pay_6f07ef588b8140,order_9d4469a5660e4b,clean_failure_hard,VERIFIED_LOST_HARD,1499,card,new,2026-08-15T09:42:00,False,,
pay_519bf596fa424c,order_a44b4beb12b04f,clean_failure_soft,VERIFIED_LOST_SOFT,24999,upi,high_value_repeat,2026-08-13T11:39:00,False,,
pay_95945c7f4b244d,order_ce7d4f695dc746,clean_success,SUCCESS_CLEAN,499,upi,returning,2026-08-17T19:24:00,True,499,True
pay_7bc691b96f7b44,order_618578a9fc4448,clean_success,SUCCESS_CLEAN,4999,netbanking,returning,2026-08-01T18:21:00,True,4999,True
pay_03bfd361d3c74e,order_9db00ed8dc2b46,clean_failure_soft,VERIFIED_LOST_SOFT,74999,card,high_value_repeat,2026-08-19T17:16:00,False,,
pay_2788984c97fa42,order_964e8cd2ca7b44,late_auth_flip,LATE_AUTH_FLIP,199,upi,new,2026-08-06T20:36:00,True,199,True
pay_f910bee5d96c46,order_a6e2d70612d740,clean_success,SUCCESS_CLEAN,14999,card,high_value_repeat,2026-08-07T10:59:00,True,14999,True
pay_c1485011070848,order_2d9e82af349942,clean_failure_hard,VERIFIED_LOST_HARD,499,upi,returning,2026-08-10T14:44:00,False,,
pay_4039e055f38f4d,order_55c4d3fe23f342,clean_failure_soft,VERIFIED_LOST_SOFT,9999,netbanking,high_value_repeat,2026-08-06T12:20:00,False,,
pay_973139282e864d,order_f08201be22584b,clean_failure_hard,VERIFIED_LOST_HARD,4999,card,high_value_repeat,2026-08-20T21:42:00,False,,
pay_5126c8174d924b,order_c8d01dc7577840,clean_success,SUCCESS_CLEAN,199,upi,new,2026-08-09T22:59:00,True,199,True
pay_9572795943824b,order_365ad80b8a0b46,clean_failure_hard,VERIFIED_LOST_HARD,24999,upi,high_value_repeat,2026-08-01T14:09:00,False,,
pay_f9ffd9a0624741,order_b89c7f3959c148,settlement_mismatch,EXCEPTION_SETTLEMENT_MISMATCH,999,card,new,2026-08-16T01:12:00,True,974.02,False
pay_325897dcfc114b,order_0546ac09d3c746,clean_failure_soft,VERIFIED_LOST_SOFT,1499,netbanking,new,2026-08-06T14:28:00,False,,
pay_3197a85d188049,order_ff89bcb0280444,clean_failure_soft,VERIFIED_LOST_SOFT,49999,upi,high_value_repeat,2026-08-02T10:25:00,False,,
pay_9db6eaa9de4342,order_8627797db0a14f,duplicate_attempt,ALREADY_RECOVERED_VIA_DUPLICATE,14999,card,high_value_repeat,2026-08-14T04:45:00,True,14999,True
pay_5a9842fb160749,order_5dcd01240c4f44,late_auth_flip,LATE_AUTH_FLIP,299,netbanking,new,2026-08-08T12:45:00,True,299,True
pay_9be334fd5df740,order_685db2779a844e,clean_failure_hard,VERIFIED_LOST_HARD,9999,card,high_value_repeat,2026-08-17T14:14:00,False,,
pay_5bf2334d99ba4c,order_b23f23ad9edc4d,clean_success,SUCCESS_CLEAN,499,upi,new,2026-08-06T20:19:00,True,499,True
pay_eca1096ee1a74d,order_020ee7c031024a,clean_failure_hard,VERIFIED_LOST_HARD,24999,card,high_value_repeat,2026-08-13T16:13:00,False,,
pay_cbe733b611434f,order_3801779cbd6642,late_auth_flip,LATE_AUTH_FLIP,7499,upi,returning,2026-08-17T01:27:00,True,7499,True
pay_ebaaa170987c44,order_29da1540a1474e,duplicate_attempt,ALREADY_RECOVERED_VIA_DUPLICATE,74999,netbanking,high_value_repeat,2026-08-02T14:19:00,True,74999,True
pay_167b88effa2649,order_157b524e60a14a,settlement_mismatch,EXCEPTION_SETTLEMENT_MISMATCH,999,card,returning,2026-08-09T03:00:00,True,969.03,False
pay_d04f102f504f41,order_c3b9822ee6b54f,clean_failure_hard,VERIFIED_LOST_HARD,24999,netbanking,high_value_repeat,2026-08-08T19:14:00,False,,
pay_6fa4c08655a644,order_ff35599c75c245,late_auth_flip,LATE_AUTH_FLIP,14999,card,high_value_repeat,2026-08-11T15:03:00,True,14999,True
pay_486ec034a58b46,order_1a04d928c5a248,clean_failure_soft,VERIFIED_LOST_SOFT,4999,netbanking,returning,2026-08-11T04:50:00,False,,
pay_db8c4e7e3d9945,order_f65bbedebcc548,clean_failure_soft,VERIFIED_LOST_SOFT,49999,card,high_value_repeat,2026-08-03T07:48:00,False,,
pay_14c65d33333e43,order_f2fb6b1b45604d,clean_success,SUCCESS_CLEAN,999,card,returning,2026-08-03T05:48:00,True,999,True
pay_af80ffad43fb4b,order_a94e744514f844,clean_success,SUCCESS_CLEAN,999,upi,returning,2026-08-19T05:06:00,True,999,True
pay_73a19e08584049,order_0bed443d605943,clean_failure_hard,VERIFIED_LOST_HARD,9999,card,high_value_repeat,2026-08-08T13:56:00,False,,
pay_925df614e0584b,order_c7aa830d8d6d44,clean_success,SUCCESS_CLEAN,199,upi,new,2026-08-08T09:21:00,True,199,True
pay_9e706b59e9f94f,order_d918cde1341548,clean_failure_hard,VERIFIED_LOST_HARD,1999,card,returning,2026-08-03T16:49:00,False,,
pay_23f15082efc046,order_0d2a0d1ceeb44c,clean_failure_soft,VERIFIED_LOST_SOFT,299,upi,new,2026-08-14T01:11:00,False,,
pay_48ae9046d4034a,order_9fabaf0064fe46,clean_failure_hard,VERIFIED_LOST_HARD,24999,upi,high_value_repeat,2026-08-03T09:56:00,False,,
pay_98679abb11c248,order_fbf6a271ca9149,clean_success,SUCCESS_CLEAN,4999,card,high_value_repeat,2026-08-19T05:24:00,True,4999,True
pay_60b6cc71034743,order_8dcce7330e5149,clean_failure_hard,VERIFIED_LOST_HARD,2999,upi,returning,2026-08-10T18:59:00,False,,
pay_3dbc736232cc4f,order_03fe787f1f5542,clean_success,SUCCESS_CLEAN,1499,netbanking,new,2026-08-06T21:34:00,True,1499,True
